{"loss": 0.2095617800951004, "_timestamp": 1673970431.4270658, "_runtime": 37.38394284248352, "_step": 5864, "gradients/fc3.bias": {"_type": "histogram", "values": [1.0, 0.0, 0.0, 0.0, 0.0, 0.0, 0.0, 0.0, 0.0, 0.0, 0.0, 0.0, 0.0, 0.0, 0.0, 0.0, 0.0, 0.0, 0.0, 1.0, 0.0, 0.0, 0.0, 0.0, 1.0, 0.0, 0.0, 0.0, 0.0, 0.0, 0.0, 0.0, 0.0, 0.0, 0.0, 0.0, 1.0, 0.0, 0.0, 0.0, 0.0, 1.0, 0.0, 0.0, 0.0, 0.0, 0.0, 1.0, 0.0, 0.0, 0.0, 0.0, 0.0, 0.0, 0.0, 0.0, 0.0, 0.0, 0.0, 0.0, 0.0, 1.0, 1.0, 2.0], "bins": [-0.031006988137960434, -0.030271941795945168, -0.029536893591284752, -0.028801847249269485, -0.02806679904460907, -0.027331752702593803, -0.026596706360578537, -0.02586165815591812, -0.025126611813902855, -0.02439156547188759, -0.023656517267227173, -0.022921470925211906, -0.02218642458319664, -0.021451376378536224, -0.020716330036520958, -0.01998128369450569, -0.019246235489845276, -0.01851118914783001, -0.017776140943169594, -0.017041094601154327, -0.016306046396493912, -0.015571000054478645, -0.014835953712463379, -0.014100906439125538, -0.013365859165787697, -0.012630811892449856, -0.011895764619112015, -0.011160718277096748, -0.010425671003758907, -0.009690623730421066, -0.0089555773884058, -0.008220530115067959, -0.007485482841730118, -0.006750435568392277, -0.006015388760715723, -0.005280341953039169, -0.004545294679701328, -0.003810247639194131, -0.0030752005986869335, -0.00234015379101038, -0.0016051065176725388, -0.0008700594771653414, -0.000135012436658144, 0.0006000346038490534, 0.0013350816443562508, 0.002070128684863448, 0.0028051757253706455, 0.0035402225330471992, 0.00427526980638504, 0.005010317079722881, 0.005745363887399435, 0.006480410695075989, 0.00721545796841383, 0.00795050524175167, 0.008685551583766937, 0.009420598857104778, 0.01015564613044262, 0.01089069340378046, 0.011625740677118301, 0.012360787019133568, 0.013095834292471409, 0.01383088156580925, 0.014565927907824516, 0.015300975181162357, 0.0160360224545002]}, "gradients/fc3.weight": {"_type": "histogram", "values": [1.0, 1.0, 0.0, 0.0, 0.0, 3.0, 2.0, 3.0, 2.0, 1.0, 3.0, 4.0, 0.0, 2.0, 1.0, 5.0, 2.0, 4.0, 4.0, 7.0, 4.0, 10.0, 8.0, 8.0, 21.0, 14.0, 14.0, 17.0, 25.0, 37.0, 35.0, 45.0, 52.0, 73.0, 197.0, 194.0, 126.0, 87.0, 49.0, 36.0, 29.0, 29.0, 20.0, 20.0, 9.0, 14.0, 13.0, 16.0, 4.0, 5.0, 6.0, 5.0, 2.0, 3.0, 0.0, 2.0, 1.0, 2.0, 0.0, 0.0, 1.0, 0.0, 0.0, 2.0], "bins": [-0.10953810065984726, -0.10638590157032013, -0.1032336950302124, -0.10008149594068527, -0.09692929685115814, -0.09377709031105042, -0.09062489122152328, -0.08747269213199615, -0.08432048559188843, -0.0811682865023613, -0.07801607996225357, -0.07486388087272644, -0.07171168178319931, -0.06855948269367218, -0.06540727615356445, -0.06225507706403732, -0.05910287797451019, -0.055950675159692764, -0.052798476070165634, -0.049646273255348206, -0.046494074165821075, -0.04334187135100365, -0.04018966853618622, -0.03703746944665909, -0.03388526663184166, -0.03073306567966938, -0.0275808647274971, -0.024428661912679672, -0.021276460960507393, -0.018124260008335114, -0.014972057193517685, -0.011819856241345406, -0.008667655289173126, -0.0055154538713395596, -0.002363252453505993, 0.0007889494299888611, 0.0039411503821611404, 0.00709335133433342, 0.010245554149150848, 0.013397755101323128, 0.016549956053495407, 0.019702157005667686, 0.022854357957839966, 0.026006560772657394, 0.029158761724829674, 0.03231096267700195, 0.03546316549181938, 0.03861536830663681, 0.04176756739616394, 0.04491977021098137, 0.0480719693005085, 0.05122417211532593, 0.05437637120485306, 0.057528574019670486, 0.060680776834487915, 0.06383297592401505, 0.06698517501354218, 0.0701373741030693, 0.07328958064317703, 0.07644177973270416, 0.07959397882223129, 0.08274617791175842, 0.08589838445186615, 0.08905058354139328, 0.09220279008150101]}, "gradients/fc2.bias": {"_type": "histogram", "values": [1.0, 1.0, 0.0, 0.0, 0.0, 0.0, 3.0, 0.0, 0.0, 0.0, 0.0, 1.0, 2.0, 1.0, 4.0, 3.0, 0.0, 1.0, 1.0, 2.0, 4.0, 1.0, 4.0, 3.0, 6.0, 4.0, 2.0, 3.0, 3.0, 3.0, 6.0, 0.0, 2.0, 5.0, 6.0, 9.0, 2.0, 2.0, 1.0, 2.0, 4.0, 1.0, 5.0, 3.0, 4.0, 3.0, 4.0, 3.0, 2.0, 0.0, 2.0, 0.0, 2.0, 1.0, 1.0, 0.0, 1.0, 2.0, 1.0, 0.0, 0.0, 0.0, 0.0, 1.0], "bins": [-0.010235125198960304, -0.00990618672221899, -0.009577248245477676, -0.009248310700058937, -0.008919372223317623, -0.00859043374657631, -0.008261495269834995, -0.007932556793093681, -0.007603618316352367, -0.0072746798396110535, -0.006945741828531027, -0.006616803351789713, -0.006287864875048399, -0.005958926863968372, -0.005629988387227058, -0.0053010499104857445, -0.004972111899405718, -0.004643173422664404, -0.004314235411584377, -0.003985296934843063, -0.0036563584581017494, -0.003327420214191079, -0.002998481970280409, -0.002669543493539095, -0.0023406052496284246, -0.0020116670057177544, -0.0016827285289764404, -0.0013537902850657701, -0.001024851924739778, -0.0006959135644137859, -0.00036697532050311565, -3.803684376180172e-05, 0.00029090140014886856, 0.0006198397604748607, 0.0009487780625931919, 0.001277716364711523, 0.0016066547250375152, 0.0019355930853635073, 0.0022645313292741776, 0.0025934698060154915, 0.0029224080499261618, 0.003251346293836832, 0.003580284770578146, 0.003909222781658173, 0.0042381612583994865, 0.0045670997351408005, 0.004896038211882114, 0.005224976688623428, 0.005553914699703455, 0.005882853176444769, 0.0062117911875247955, 0.0065407296642661095, 0.006869668141007423, 0.007198606617748737, 0.007527544628828764, 0.00785648263990879, 0.008185421116650105, 0.008514359593391418, 0.008843298070132732, 0.009172236546874046, 0.009501174092292786, 0.0098301125690341, 0.010159051045775414, 0.010487989522516727, 0.010816927999258041]}, "gradients/fc2.weight": {"_type": "histogram", "values": [1.0, 0.0, 0.0, 0.0, 0.0, 2.0, 0.0, 2.0, 2.0, 2.0, 3.0, 7.0, 10.0, 18.0, 18.0, 17.0, 40.0, 66.0, 92.0, 96.0, 166.0, 224.0, 326.0, 430.0, 698.0, 988.0, 1534.0, 2354.0, 3806.0, 7515.0, 4591.0, 2764.0, 1972.0, 1343.0, 985.0, 703.0, 552.0, 381.0, 265.0, 229.0, 139.0, 114.0, 82.0, 62.0, 38.0, 32.0, 31.0, 24.0, 10.0, 12.0, 5.0, 3.0, 3.0, 5.0, 0.0, 2.0, 1.0, 0.0, 0.0, 0.0, 0.0, 0.0, 1.0, 2.0], "bins": [-0.020556442439556122, -0.019866010174155235, -0.01917557790875435, -0.018485143780708313, -0.017794711515307426, -0.01710427924990654, -0.016413845121860504, -0.015723412856459618, -0.015032980591058731, -0.014342548325657845, -0.013652115128934383, -0.012961681932210922, -0.012271249666810036, -0.01158081740140915, -0.010890384204685688, -0.010199951007962227, -0.00950951874256134, -0.008819086477160454, -0.008128653280436993, -0.007438220549374819, -0.006747787818312645, -0.006057355087250471, -0.005366922356188297, -0.004676489625126123, -0.00398605689406395, -0.0032956241630017757, -0.002605191431939602, -0.001914758700877428, -0.0012243259698152542, -0.0005338932387530804, 0.00015653949230909348, 0.0008469722233712673, 0.001537403091788292, 0.0022278358228504658, 0.0029182685539126396, 0.0036087012849748135, 0.004299134016036987, 0.004989566747099161, 0.005679999478161335, 0.006370432209223509, 0.007060864940285683, 0.0077512976713478565, 0.00844173040241003, 0.009132163599133492, 0.009822595864534378, 0.010513028129935265, 0.011203461326658726, 0.011893894523382187, 0.012584326788783073, 0.01327475905418396, 0.013965192250907421, 0.014655625447630882, 0.015346057713031769, 0.016036489978432655, 0.016726922243833542, 0.017417356371879578, 0.018107788637280464, 0.01879822090268135, 0.019488655030727386, 0.020179087296128273, 0.02086951956152916, 0.021559951826930046, 0.022250384092330933, 0.02294081822037697, 0.023631250485777855]}, "gradients/fc1.bias": {"_type": "histogram", "values": [1.0, 0.0, 0.0, 0.0, 0.0, 0.0, 0.0, 0.0, 0.0, 1.0, 0.0, 0.0, 0.0, 0.0, 1.0, 1.0, 0.0, 1.0, 3.0, 1.0, 0.0, 2.0, 3.0, 2.0, 0.0, 4.0, 4.0, 7.0, 5.0, 5.0, 7.0, 9.0, 14.0, 10.0, 7.0, 9.0, 12.0, 10.0, 10.0, 8.0, 7.0, 12.0, 6.0, 8.0, 5.0, 9.0, 7.0, 13.0, 6.0, 5.0, 5.0, 7.0, 4.0, 7.0, 4.0, 3.0, 4.0, 1.0, 1.0, 1.0, 0.0, 1.0, 1.0, 2.0],